Summarize the text.csv,get_admm
admm optimization the dataset,get_admm
what is the admm optimization of the given dataset,get_admm
admm optimization of the data,get_admm
admm optimization please,get_admm
can you admm optimization the dataset,get_admm
Summary of the csv file,get_admm
admm optimization the csv file,get_admm
admm optimization for a given content,get_admm
more admm optimization please,get_admm
Tell me admm optimization of the dataset,get_admm
what can we admm optimization about it,get_admm
Can you get me admm,get_admm
get me bvazirani a graph,get_bvazirani
bvazirani the data file in csv file,get_bvazirani
bvazirani for dataset,get_bvazirani
bvazirani for data file,get_bvazirani
Berstein Vazirani for the csv file,get_bvazirani
Berstein Vazirani the dataset,get_bvazirani
Berstein Vazirani for the data file,get_bvazirani
vazirani the data file,get_bvazirani
vazirani the datafile,get_bvazirani
tell me about vazirani in the data file,get_bvazirani
grover optimization the dataset,get_grover
what about grover,get_grover
can you tell me about grover,get_grover
what can we grover optimization about it,get_grover
Tell me grover optimization of the dataset,get_grover
more grover optimization please,get_grover
grover optimization for a given content,get_grover
grover optimization the csv file,get_grover
can you grover optimization the dataset,get_grover
grover optimization please,get_grover
grover optimization of the data,get_grover
what is the grover optimization of the given dataset,get_grover
what can we hello about it,get_hello
more hello please,get_hello
Tell me hello of the dataset,get_hello
hello for a given content,get_hello
hello the csv file,get_hello
hello the dataset,get_hello
Summarize the text.csv,get_hello
Summary of the csv file,get_hello
can you hello the dataset,get_hello
hello please,get_hello
hi of the data,get_hello
what is the hello of the given dataset,get_hello
